Symbol,Description
1A0.SI,Katrina Group Ltd.
1A1.SI,Wong Fong Industries Limited
1A4.SI,Agv Group Limited
1AZ.SI,Audience
1B0.SI,Mm2 Asia Ltd.
1B1.SI,Hc Surgical Specialistslimited
1B6.SI,Ocean Sky International Ltd
1C0.SI,Cedar Strategic Holdings Ltd
1D0.SI,Kimly Limited
1D1.SI,Unusual Limited
1D3.SI,Lifebrandz Ltd.
1D4.SI,Aoxin Q & M Dental Grp Limited
1D5.SI,Capital World Limited.
1E3.SI,Sanli Environmental Limited
1F0.SI,Shopper360 Limited
1F1.SI,Y Ventures Group Ltd.
1F2.SI,Union Gas Holdings Limited
1F3.SI,Aspen (group) Holdings Limited
1G1.SI,Re&s Holdings Limited
1G6.SI,No Signboard Holdings Ltd.
1H2.SI,Olive Tree Estates Limited
1H3.SI,Clearbridge Health Limited
1H8.SI,Ly Corporation Limited
1J0.SI,Slb Development Ltd.
1J4.SI,Jep Holdings Ltd.
1J5.SI,Hyphens Pharma Intl Limited
1J7.SI,Jawala Inc.
1O0W.SI,Djia 36000mbecw240315
1O2W.SI,Hsi 20800mbecw231129
1Q5W.SI,Hsi 19000mbecw231129
1Q8W.SI,Nasdaq 7xshortub250623
1R6.SI,Avi-tech Hldg
1V3.SI,Mooreast
1V5W.SI,Sembind Mbecw240202
1X5W.SI,Aia 5xshortub250430
1Y1.SI,Vikingoffshore
3UJS.SI,Ny09100h 240901
40B.SI,Smj International Holdingsltd.
40E.SI,Spackman Entertainment Grp Ltd
40F.SI,Alliance Mineral Assetslimited
40N.SI,Versalink Holdings Limited
40T.SI,Isec Healthcare Ltd.
40V.SI,Singapore Edevelopment Ltd
40W.SI,Zico Holdings Inc.
41B.SI,Huationg Global Limited
41F.SI,Gss Energy Limited
41H.SI,Blackgold Natural Resourcesltd
41O.SI,Lhn Limited
41T.SI,Gccp Resources Limited
42C.SI,Ix Biopharma Ltd.
42D.SI,Nauticawt Limited
42E.SI,Choo Chiang Holdings Ltd.
42F.SI,Cmc Infocomm Limited
42L.SI,Tlv Holdings Limited
42N.SI,Ips Securex Holdings Limited
42R.SI,Jumbo Group Limited
42S.SI,Astaka Holdings Limited
42T.SI,The Trendlines Group Ltd.
42U.SI,Axcelasia Inc.
42W.SI,China Star Food Group Limited
42Z.SI,Eindec Corporation Limited
43A.SI,Gs Holdings Limited
43B.SI,Secura Group Limited
43E.SI,Anchor Resources Limited
43F.SI,Acromec Limited
43Q.SI,Advancer Global Limited
43SW.SI,Xiaomi Mbepw240503
44RW.SI,Kepcorp 5xshortub250530
44TW.SI,Lining 5xshortub250321
45IW.SI,Cmb 5xlongub250430
48HW.SI,Lining 5xlongub250430
49B.SI,Amos Group
500.SI,Tai Sin Electric Limited
502.SI,Hsr Global Limited
504.SI,Klw Holdings Ltd
505.SI,Asiamedic Limited
508.SI,Fuji Offset Plates Mfg Ltd
510.SI,Hiap Seng Engineering Ltd
528.SI,Second Chance Properties Ltd
532.SI,DISA
533.SI,Abr Holdings Limited
540.SI,Tung Lok Restaurants 2000 Ltd
541.SI,Craft Print International Ltd
543.SI,Noel Gifts International Ltd
544.SI,Cse Global Ltd
546.SI,Medtecs International Corp Ltd
554.SI,King Wan Corporation Limited
558.SI,Ums Holdings Limited
564.SI,Spindex Industries Limited
566.SI,See Hup Seng Limited
569.SI,Vicplas International Ltd
56DW.SI,Geely 5xlongub250930
570.SI,Transit-mixed Concrete Ltd
575.SI,Asti Holdings Limited
578.SI,Ks Energy Limited
579.SI,Oceanus Group Limited
57HW.SI,Dbs Mb Epw231227
57TW.SI,Uob Mb Ecw231120
580.SI,Santak Holdings Limited
581.SI,Ite Electric Co Ltd
583.SI,Progen Holdings Ltd
584.SI,Oakwell Engineering Limited
585.SI,Asian Micro Holdings Ltd
58UW.SI,Netease 5xlongub251031
594.SI,Loyz Energy Limited
595.SI,Van Der Horst Energy Limited
596.SI,Thai Village Holdings Ltd
5A1B.SI,Astrea V3.85%b290620#
5AB.SI,Trek 2000 Int'l Ltd
5AE.SI,Pollux Properties Ltd.
5AI.SI,Sunlight Group Hldg Ltd
5AL.SI,Annica Holdings Limited
5AU.SI,Ap Oil International Limited
5BI.SI,Carriernet Global Ltd
5BS.SI,Pne Micron Holdings Ltd
5CF.SI,Okp Holdings Limited
5CP.SI,Silverlake Axis Ltd
5CR.SI,Asiatic Group (holdings) Ltd
5CT.SI,Ecowise Holdings Limited
5DD.SI,Micro-mechanics (holdings) Ltd
5DM.SI,Ying Li Intl Real Estate Ltd
5DN.SI,Ezra Holdings Limited
5DO.SI,Sakae Holdings Ltd.
5DP.SI,Heeton Holdings Limited
5DS.SI,Megachem Limited
5DX.SI,Metal Component Engg Ltd
5EB.SI,Cfm Holdings Limited
5EC.SI,ISR Capital
5EF.SI,Adventus Holdings Limited
5EG.SI,New Lakeside Holdings Limited
5EN.SI,Midas Hldgs Limited
5EV.SI,Hosen Group Ltd
5EW.SI,Pan Asian Holdings Limited
5F4.SI,Figtree Holdings Limited
5F7.SI,Hartawan Hldgs Ltd
5FL.SI,Falcon Energy Group Limited
5FW.SI,Linair Technologies Limited
5FX.SI,New Wave Holdings Ltd.
5G1.SI,Eurosports Global Limited
5G2.SI,Kimheng Offshore&marine Hldltd
5G3.SI,Talkmed Group Limited
5G4.SI,Infinio Group Limited
5G9.SI,Tritech Group Limited
5GD.SI,Sunpower Group Ltd.
5GI.SI,Interra Resources Limited
5GJ.SI,Ausgroup Limited
5GZ.SI,Aa Group Holdings Ltd.
5HG.SI,Oniontech Limited
5HH.SI,Hln Technologies Limited
5HT.SI,Communication Design Intl Ltd
5HV.SI,Metax Engineering Corp Limited
5I1.SI,Kop Limited
5I4.SI,Icp Ltd
5IC.SI,Sing Holdings Limited
5IE.SI,Lorenzo International Limited
5IF.SI,Natural Cool Holdings Limited
5IG.SI,Gallant Venture Ltd.
5JK.SI,Hiap Hoe Limited
5JS.SI,Indofood Agri Resources Ltd.
5KI.SI,Soup Restaurant Group Limited
5L7W.SI,Geely 5xshortub250228
5L9W.SI,Singtelmbecw231215
5LE.SI,Sitra Holdings (intl) Limited
5LY.SI,Marco Polo Marine Ltd.
5MD.SI,Soon Lian Holdings Limited
5ML.SI,Old Chang Kee Ltd.
5MZ.SI,Kingsmen Creatives Ltd
5NF.SI,Mencast Holdings Ltd.
5NG.SI,Healthway Medical Corp Ltd
5NV.SI,Chasen Holdings Limited
5O9W.SI,Xiaomi 5xlongub250228
5OC.SI,Koyo International Limited
5OI.SI,Japan Foods Holding Ltd.
5OQ.SI,Teho International Inc Ltd.
5OR.SI,Heatec Jietong Holdings Ltd.
5OU.SI,China Environment Ltd.
5OX.SI,Mary Chia Holdings Limited
5PC.SI,Goodland Group Limited
5PD.SI,Hengyang Petrochem Log Limited
5PF.SI,Jason Marine Group Limited
5PL.SI,Sbi Offshore Limited
5PO.SI,Hiap Tong Corporation Ltd.
5Q4W.SI,Djia 30000mbepw231215
5QR.SI,Mann Seng Metal Intl Limited
5QT.SI,Charisma Energy
5QY.SI,Net Pacific Fin Hldgs Ltd
5RA.SI,Asia-pacific Strategic Inv Ltd
5RC.SI,Es Group (holdings) Limited
5RE.SI,Smartflex Holdings Ltd
5RF.SI,Friven & Co. Ltd.
5SO.SI,Duty Free Internationallimited
5SR.SI,Zhongmin Baihui Retail Grp Ltd
5SY.SI,Chew's Group Limited
5TI.SI,Kitchen Culture Holdings Ltd.
5TJ.SI,Far East Group Limited
5TP.SI,Cnmc Goldmine Holdings Limited
5TT.SI,Keong Hong Holdings Limited
5TY.SI,Advanced Systems Automation
5UA.SI,Starland Holdings Limited
5UF.SI,Maxi-cash Fin Svcs Corp Ltd
5UL.SI,Atlantic Navigation Hldg(s)ltd
5UN.SI,Sincap Group Limited
5UX.SI,Oxley Holdings Limited
5VC.SI,Kori Holdings Limited
5VI.SI,Logistics Holdings Limited
5VJ.SI,Halcyon Agri Corporation Ltd
5VP.SI,Gds Global Limited
5VS.SI,Hafary Holdings Limited
5WA.SI,Intl Healthway Corp Limited
5WF.SI,Isoteam Ltd.
5WG.SI,Singapore Kitchen Equipmentltd
5WH.SI,Rex International Holding Ltd
5WJ.SI,Moneymax Financial Servicesltd
5WV.SI,Asiaphos Limited
5XAW.SI,Meituan Mb Epw240103
5YCW.SI,Yzj 5xshortsg231115
600.SI,Hyflux Ltd
6AZB.SI,Astrea Vi3%b310318#
7QQS.SI,Nz07100s 270301
8A1.SI,Forise Int
8AZ.SI,Aztech Gbl
8K7.SI,Ughealthcare
8K9R.SI,Meta Health R
8P1W.SI,Wilmar Mb Ecw240201
8R7W.SI,Tencen3xshortub250428us$
8R9W.SI,Dbs Mb Ecw240701
8U7U.SI,Ireit Global Eur
8Y2W.SI,Jd 5xlongub250127
8YIW.SI,Sunny 5xshortub250430
8YLS.SI,Nz19100s 390701
8YY.SI,Biolidics Limited
92FW.SI,Clife 5xlongub250430
92NW.SI,Nasdaq 7xshortub250922
933W.SI,Sunny Mb Ecw241203
966W.SI,Nky 31500mbecw231208
96DW.SI,Datapulse Tech W271128
97XW.SI,Djia 5xshortub250922
98CW.SI,Uob Mb Ecw231110
9BOW.SI,Simsci 380mbecw231229
9CI.SI,Capitalandinvest
9CXW.SI,Gentingsmbecw240202
9D2W.SI,Alibaba Mb Ecw240503
9E9W.SI,Valuemax W260914
9ERW.SI,Nky 37000mbecw240308
9GBW.SI,Xiaomi 5xlongub250930
9HNW.SI,Cnooc 5xshortub250228
9J2W.SI,Petroch 5xlongub250430
9MSW.SI,Gentingsmbecw240626
9NDW.SI,Tencent 5xshortub250127
9PPW.SI,Petroch 5xshortub250430
9QEW.SI,Tencent 5xshortub250228
9VUW.SI,Pingan Mb Epw240403
9W2W.SI,Cosco 5xlongub251031
9YVW.SI,Tencentmbepw240503
9ZIW.SI,Nasdaq 7xlongub250922
A04.SI,Asl Marine Holdings Ltd
A05.SI,Avjennings Limited
A17U.SI,Ascendas Real Estate Inv Trust
A26.SI,Sinarmas Land Limited
A30.SI,Aspial Corporation Limited
A31.SI,Addvalue Technologies Ltd
A33.SI,Blumont Group Ltd.
A34.SI,Amara Holdings Ltd
A35.SI,Abf Spore Bond Index Fund Etf
A50.SI,Rowsley Ltd.
A52.SI,Annaik Limited
A55.SI,Asia Enterprises Holding Ltd
A78.SI,Liongold Corp Ltd
A7RU.SI,Cityspring Infrastruct Trust
A95W.SI,Katrina W281008
AAJ.SI,Sunmoon Food Company Limited
ACV.SI,Frasers Hospitality Trust
ADN.SI,First Sponsor Group Limited
AFC.SI,Yuuzoo Corporation
AFUS.SI,Nx15100z 250601
AGS.SI,The Hour Glass Limited
AIY.SI,Ifast Corporation Ltd.
AJ2.SI,Ouhua Energy Holdings Limited
AJBU.SI,Keppel Dc Reit
AOF.SI,Amplefield Limited
AP4.SI,Riverstone Holdings Limited
AU8U.SI,Capitaretail China Trust
AVM.SI,Boustead Projects Limited
AVX.SI,Hl Global Enterprises Limited
AW9U.SI,First Real Estate Inv Trust
AWC.SI,Lindeteves-jacoberg Ltd
AWG.SI,Aei Corporation Ltd
AWI.SI,Thakral Corporation Ltd
AWK.SI,Fuxing China Group Limited
AWM.SI,Shanghai Turbo Enterprises Ltd
AWV.SI,Captii Limited
AWX.SI,Aem Holdings Ltd
AWZ.SI,Multi-chem Limited
AXB.SI,Yongnam Holdings Limited
AYN.SI,Global Testing Corporation Ltd
AYV.SI,Acma Ltd.
AZA.SI,Ipc Corporation Limited
AZG.SI,8telecom Intl Holdings Co Ltd
AZR.SI,United Food Holdings Limited
AZT.SI,Lottvision Limited
B0Z.SI,China Fishery Group Limited
B26.SI,Ban Leong Technologies Limited
B28.SI,Bonvests Holdings Ltd
B49.SI,World Precision Machinery Ltd
B58.SI,Banyan Tree Holdings Limited
B61.SI,Bukit Sembawang Estates Ltd
B69.SI,Broadway Industrial Group Ltd
B73.SI,Global Investments Limited
B9S.SI,Cosmosteel Holdings Limited
BAC.SI,Jacks International Limited
BAI.SI,S I2i Limited
BAZ.SI,Lion Asiapac Ltd
BBP.SI,Hor Kew Corporation Limited
BBW.SI,Azeus Systems Holdings Ltd.
BCD.SI,China Yuanbang Prop Hldgs Ltd
BCV.SI,Qian Hu Corporation Limited
BCY.SI,Powermatic Data Systems Ltd
BCZ.SI,Travelite Holdings Ltd.
BDA.SI,Pne Industries Ltd
BDR.SI,Willas-array Elec (hldgs) Ltd
BDU.SI,Federal Int(2000) Ltd
BDX.SI,Gsh Corporation Limited
BEC.SI,Brc Asia Limited
BEH.SI,China International Hldgs Ltd
BEI.SI,Lht Holdings Limited
BEV.SI,Swing Media Technology Grp Ltd
BEW.SI,Jb Foods Limited
BEZ.SI,Beng Kuang Marine Limited
BFI.SI,Tiong Seng Holdings Limited
BFK.SI,Pharmesis International Ltd.
BFT.SI,Fabchem China Limited
BFU.SI,Tye Soon Ltd
BGO.SI,Universal Resource & Svcs Ltd
BHD.SI,China Mining International Ltd
BHK.SI,Siic Environment Holdings Ltd.
BHU.SI,Sutl Enterprise Limited
BIP.SI,Vibrant Group Limited
BIX.SI,Ellipsiz Ltd
BJD.SI,Vibropower Corporation Limited
BJGS.SI,Na16100h 460301
BJHS.SI,Nx16100f 260601
BJIS.SI,Nz16100x 360801
BJV.SI,Yamada Green Resources Limited
BJZ.SI,Koda Ltd
BKA.SI,Sin Heng Heavy Machinery Ltd
BKK.SI,Luxking Group Holdings Limited
BKV.SI,Dukang Distillers Hldgs Ltd
BKW.SI,Datapulse Technology Limited
BKX.SI,Yongmao Holdings Limited
BKZ.SI,Suntar Eco-city Limited
BLA.SI,Union Steel Holdings Limited
BLH.SI,Hai Leck Holdings Limited
BLR.SI,Darco Water Technologies Ltd
BLS.SI,Hotung Investment Hldgs Ltd
BLU.SI,Grp Ltd
BLZ.SI,Advanced Holdings Ltd.
BMGU.SI,Bhg Retail Reit
BMT.SI,New Silkroutes Group Limited
BN2.SI,Valuetronics Holdings Limited
BN4.SI,Keppel Corporation Limited
BNE.SI,Kencana Agri Limited
BPF.SI,Yhi International Limited
BQC.SI,Xpress Holdings Ltd
BQD.SI,Envictus International Hldgltd
BQF.SI,Xmh Holdings Ltd.
BQM.SI,Tiong Woon Corp Holding Ltd
BQN.SI,Bh Global Corporation Limited
BQP.SI,Southern Packaging Group Ltd
BRD.SI,Sapphire Corporation Limited
BRS.SI,Usp Group Limited
BS6.SI,Yangzijiang Shipbldg Hldgs Ltd
BSL.SI,Raffles Medical Group Ltd
BTE.SI,Bund Center Investment Ltd
BTF.SI,Debao Property Development Ltd
BTG.SI,Hg Metal Manufacturing Ltd
BTJ.SI,A-sonic Aerospace Limited
BTM.SI,Penguin International Limited
BTOU.SI,Manulife Us Reit
BTP.SI,Baker Technology Limited
BTWZ.SI,Hyflux S$500m6%perpcapsec
BTX.SI,Anchun International Hldgs Ltd
BTY.SI,Full Apex (holdings) Limited
BUOU.SI,Frasers Logistics & Ind Trust
BVA.SI,Top Glove Corporation Bhd
BVP.SI,Aims Property Securities Fund
BVQ.SI,Procurri Corporation Limited
BWCU.SI,Ec World Reit
BWM.SI,China Jinjiang Env Hldg Co Ltd
BXE.SI,Cdw Holding Limited
BYI.SI,Phillip Sgx Apac Div Reit Etf
BYJ.SI,Phillip Sgx Apacdiv Reit Etfs$
C04.SI,Casa Holdings Limited
C05.SI,Chemical Industries (f.e.) Ltd
C06.SI,Csc Holdings Ltd
C07.SI,Jardine Cycle & Carriage Ltd
C09.SI,City Developments Limited
C13.SI,Ch Offshore Ltd
C2PU.SI,Parkwaylife Reit
C33.SI,Chuan Hup Holdings Limited
C38U.SI,Capitamall Trust
C41.SI,Cortina Holdings Limited
C52.SI,Comfortdelgro Corporation Ltd
C6L.SI,Singapore Airlines Ltd
C70.SI,City Developments Ltd Nccps
C76.SI,Creative Technology Ltd
C8R.SI,Jiutian Chemical Group Limited
C9Q.SI,Sinostar Pec Holdings Limited
CC3.SI,Starhub Ltd
CDVZ.SI,Krisenergy S$139.464mz240131
CDXW.SI,Krisenergy Ltd. W240131
CEDU.SI,Dasin Retail Trust
CFA.SI,Nikkoam-stc Asia_xj Reit Etf
CGN.SI,Best World International Ltd
CHJ.SI,Uni-asia Group Limited
CHZ.SI,Hrnetgroup Limited
CIN.SI,Courage Marine Group Limited
CJLU.SI,Netlink Nbn Trust
CJN.SI,British & Malayan Hldg Limited
CLN.SI,Apac Realty Limited
CLR.SI,Lion-phillip S-reit Etf
CMGS.SI,Nx18100a 280501
CMOU.SI,Keppel-kbs Us Reit
CNE.SI,Mindchamps Preschool Limited
COI.SI,Nikkoam-stc Asia_xj Reit Us$
CRPU.SI,Sasseur Reit
CTO.SI,Hong Lai Huat Group Limited
CUEW.SI,S&p 5xlongsg250228
CUFW.SI,Hscei 7xlongsg240327
CUGW.SI,Sti 2xlongsg250529
CUJW.SI,Djia 5xlongsg250911
CUMW.SI,Djia 5xshortsg250911a
CUNW.SI,Nasdaq 7xshortsg241016
CUPW.SI,Nasdaq 7xlongsg241016
CUQW.SI,Djia 7xshortsg241016
CURW.SI,Djia 7xlongsg241016
CUTW.SI,S&p 7xshortsg241218
CUUW.SI,Hsi 7xlongsg231215
CUXW.SI,Nasdaq 7xlongsg241126
CVAW.SI,Hsi 7xlongsg240215
CVDW.SI,Hsi 7xlongsg240327
CVEW.SI,Sti 5xlongsg250529
CVFW.SI,Djia 5xshortsg250911
CVGW.SI,Hscei 5xlongsg240912
CVHW.SI,Hstech 5xlongsg231102
CVIW.SI,Hsi 7xshortsg241218
CVJW.SI,Simsci 5xlongsg260226
CVKW.SI,Hstech 7xlongsg240416
CVMW.SI,Hsi 5xlongsg261029
CVRW.SI,Hscei 7xshortsg251029
CVYW.SI,Hstech 7xshortsg251029
CWBU.SI,Cromwell Reit Eur
CWCU.SI,Cromwell Reit Sgd
CWFW.SI,Hscei 7xlongsg240424
CWGW.SI,Hstech 5xshortsg240327
CWHW.SI,Sti 7xlongsg250529
CWIW.SI,Djia 5xlongsg250911a
CWKW.SI,Hscei 5xshortsg240912
CWLW.SI,Hsi 7xlongsg241030
CWMW.SI,Hstech 5xshortsg241218
CWPW.SI,Simsci 5xshortsg260226
CWQW.SI,Hstech 7xshortsg240416
CWRW.SI,Hstech 5xlongsg250904
CWUW.SI,Hstech 5xlongsg261029
CXBW.SI,S&p 5xshortsg250228
CXCW.SI,Hstech 5xlongsg240424
CXEW.SI,Ndx 5xshortsg240425
CXGW.SI,Sti 2xshortsg250529
CXIW.SI,S&p 7xshortsg241016
CXJW.SI,Hscei 7xshortsg240912
CXKW.SI,Hsi 5xshortsg241030
CXLW.SI,Simsci 7xlongsg260226a
CXMW.SI,Hstech 7xlongsg240402
CXPW.SI,Hsi 7xlongsg251029
CXRW.SI,Hscei 7xshortsg231215
CXS.SI,Uobam Pingan Chinext S$
CXU.SI,Uobam Pingan Chinext Us$
CXVW.SI,S&p 4800mbecw240315
CXXW.SI,Nasdaq 7xshortsg261029
CXZW.SI,Simsci 7xshortsg250716
CY6U.SI,Ascendas India Trust
CYAW.SI,S&p 5xlongsg250228a
CYB.SI,Icbc Csop Cgb Etf Us$d
CYC.SI,Icbc Csop Cgb Etf S$
CYDW.SI,Ndx 5xlongsg240425
CYEW.SI,Ndx 5xshortsg240425a
CYFW.SI,Hscei 7xlongsg231215
CYGW.SI,Sti 5xshortsg250529
CYIW.SI,S&p 7xlongsg241016
CYJW.SI,Hsi 5xlongsg240912
CYMW.SI,Hstech 5xlongsg241218
CYNW.SI,Simsci 7xlongsg260226
CYOW.SI,Hstech 7xshortsg240402
CYPW.SI,Hstech 7xlongsg250304
CYSW.SI,Hstech 7xlongsg251029
CYW.SI,Tricklestar
CYX.SI,Icbc Csop Cgb Etf Us$a
CZDW.SI,Simsci 7xshortsg231215
CZEW.SI,S&p 5xshortsg250228a
CZFW.SI,Ndx 5xlongsg240425a
CZGW.SI,Sti 7xshortsg250529
CZHW.SI,Hsi 7xlongsg240912
CZIW.SI,Hscei 7xlongsg241114
CZJW.SI,Hsi 5xshortsg240912
CZLW.SI,Hsi 5xlongsg250416
CZMW.SI,Hsi 7xshortsg240125
CZNW.SI,Nasdaq 7xshortsg260401
CZOW.SI,Hscei 7xlongsg250304
CZRW.SI,Hsi 5xshortsg261029
CZZW.SI,Nasdaq 7xshortsg241218
D01.SI,Dairy Farm Int'l Holdings Ltd
D03.SI,Del Monte Pacific Limited
D05.SI,Dbs Group Holdings Ltd
D07.SI,Spdr Djia Etf Trust
D5IU.SI,Lippo Malls Indo Retail Trust
D8DU.SI,First Ship Lease Trust
DAIW.SI,Lenovo 5xlongsg240215
DAKW.SI,Wilmar 5xshortsg240424
DAMW.SI,Hkex 5xlongsg240516
DATW.SI,Aac 5xlongsg231214
DAVW.SI,Meituan 5xlongsg231024
DAYW.SI,Alibaba 5xlongsg231024
DBIW.SI,Lenovo 5xshortsg240215
DBPW.SI,Anta 5xlongsg240620
DBWW.SI,Kuaisho 5xlongsg231024
DBYW.SI,Singtel 5xlongsg231214
DCDW.SI,Geely 5xshortsg231214
DCGW.SI,Sia 5xlongsg240424
DCJW.SI,Lining 5xlongsg231019
DCQW.SI,Hkex 5xshortsg250205
DCRU.SI,Digicore Reit Usd
DCUW.SI,Alibaba 5xlongsg250205
DCVW.SI,Citydev 5xlongsg250226
DCXW.SI,Venture 5xlongsg250226
DCZW.SI,Aac 5xlongsg240327
DDPW.SI,Sgx 5xlongsg240424
DDSW.SI,Sats 5xlongsg250515
DDYW.SI,Jd 5xlongsg231024
DEEW.SI,Pingan 5xlongsg240424
DEFW.SI,Sats 5xshortsg250515
DEHW.SI,Xiaomi 5xlongsg231102
DELW.SI,Hsbc 5xshortsg250205
DEMW.SI,Wuxibio 5xlongsg240205
DENW.SI,Dbs 5xlongsg250226
DEOW.SI,Dbs 5xshortsg250226
DEPW.SI,Cmob 5xlongsg250327
DEQW.SI,Alibaba 5xlongsg241126
DETW.SI,Baidu 5xlongsg241126
DEVW.SI,Byd 5xlongsg250626
DEWW.SI,Cosco 5xlongsg250626
DFEW.SI,Yzj 5xshortsg231024
DFIW.SI,Ocbc 5xshortsg240424
DFKW.SI,Sembcorp 5xlongsg250515
DFLW.SI,Lining 5xlongsg240620
DFMW.SI,Wuxibio 5xlongsg231102
DFRW.SI,Netease 5xshortsg250205
DFTW.SI,Alibaba 5xshortsg240205
DFUW.SI,Genting 5xlongsg250226
DFWW.SI,Ocbc 5xshortsg250226
DFXW.SI,Geely 5xlongsg240327
DFYW.SI,Dlc Sg5xshort Byd
DFZW.SI,Lining 5xshortsg240327
DGEW.SI,Areit 5xshortsg231214
DGJW.SI,Uob 5xshortsg241024
DGKW.SI,Kepcorp 5xshortsg240424
DGMW.SI,Sembcorp 5xshortsg250515
DGUW.SI,Tencent 5xlongsg231102
DGWW.SI,Sunny 5xshortsg240205
DGYW.SI,Byd 5xshortsg240205
DHHW.SI,Uob 5xlongsg251023
DHLU.SI,Daiwa Hse Log Tr
DHNW.SI,Kepcorp 5xlongsg240424
DHQW.SI,Steng 5xlongsg250515
DHUW.SI,Sinobio 5xlongsg231102
DHVW.SI,Sinobio 5xshortsg231220
DHWW.SI,Tencent 5xshortsg240205
DHXW.SI,Galaxy 5xshortsg250205
DHZW.SI,Petroch 5xshortsg231012
DIBW.SI,Ckasset 5xshortsg231019
DIDW.SI,Sunny 5xlongsg231024
DIFW.SI,Ocbc 5xlongsg251023
DIGW.SI,Steng 5xshortsg250515
DIHW.SI,Tencent 5xlongsg231214
DIKW.SI,Petroch 5xlongsg241030
DIMW.SI,Aia 5xshortsg250327
DINW.SI,Dlc Sg5xlong Byd
DIOW.SI,Ocbc 5xlongsg250226
DIPW.SI,Pingan 5xlongsg250626
DISW.SI,Alibaba 5xlongsg250904
DITW.SI,Wuxibio 5xlongsg250306
DJHW.SI,Ckasset 5xlongsg231019
DJJW.SI,Sats 5xlongsg231024
DJLW.SI,Cmb 5xlongsg240801
DJOW.SI,Geely 5xlongsg231102
DJPW.SI,Sunny 5xlongsg240327
DJSW.SI,Uob 5xlongsg250226
DJVW.SI,Bilibili 5xlongsg250306
DKAW.SI,Aac 5xlongsg240201
DKBW.SI,Dbs 5xlongsg240306
DKLW.SI,Sinobio 5xlongsg231220
DKNW.SI,Cspc 5xlongsg231102
DKOW.SI,Byd 5xlongsg250904
DKZW.SI,Kepcorp 5xlongsg250904
DLDW.SI,Dbs 5xshortsg240306
DLHW.SI,Cnooc 5xshortsg241030
DLJW.SI,Baidu 5xlongsg231115
DLKW.SI,Kingdee 5xlongsg231220
DLNW.SI,Xiaomi 5xshortsg231220
DLSW.SI,Kingsof 5xshortsg231220
DLTW.SI,Hkex 5xshortsg240125
DLVW.SI,Bilibili 5xlongsg231220
DLZW.SI,Yzj 5xlongsg241218
DM0.SI,Psc Corporation Ltd
DMFW.SI,Cnooc 5xlongsg240201
DMIW.SI,Tencent 5xshortsg231214
DMNW.SI,Hkex 5xlongsg231102
DMRW.SI,Kuaisho 5xlongsg231115
DMYW.SI,Sands 5xshortsg231220
DNKW.SI,Lining 5xlongsg231115
DNLW.SI,Netease 5xlongsg231115
DNNW.SI,Pingan 5xshortsg231220
DNPW.SI,Byd 5xlongsg231220
DNQW.SI,Kuaisho 5xlongsg231220
DNVW.SI,Jd 5xlongsg231220
DNWW.SI,Wilmar 5xlongsg241218
DOCW.SI,Hsbc 5xlongsg250203
DOGW.SI,Uob 5xlongsg240306
DOOW.SI,Kingdee 5xshortsg231220
DOPW.SI,Dlc Sg5xlong Pahealth
DORW.SI,Alibaba 5xlongsg231123
DOSW.SI,Pingan 5xlongsg231115
DOVW.SI,Meituan 5xshortsg231220
DOWW.SI,Tencent 5xlongsg231220
DOYW.SI,Bydelec 5xlongsg231220a
DPBW.SI,Wilmar 5xlongsg240306
DPGW.SI,Sgx 5xshortsg241218
DPHW.SI,Alibaba 5xshortsg231123
DPJW.SI,Geely 5xshortsg231115
DPKW.SI,Kuaisho 5xshortsg231220
DPNW.SI,Capinv 5xlongsg260716
DPPW.SI,Jd 5xlongsg250116
DPRW.SI,Thaibev 5xlongsg250716
DPTW.SI,Yzj 5xshortsg250716
DPZW.SI,Venture 5xshortsg241218
DQCW.SI,Cnooc 5xshortsg240201
DQGW.SI,Genting 5xshortsg240306
DQKW.SI,Sembcorp 5xshortsg241218
DQLW.SI,Aac 5xshortsg231123
DQRW.SI,Sunny 5xshortsg231115
DQSW.SI,Jd 5xshortsg231220
DQUW.SI,Byd 5xlongsg250116
DQVW.SI,Comfort 5xlongsg250716
DQXW.SI,Sats 5xlongsg260716
DQYW.SI,Kepcorp 5xshortsg250716
DQZW.SI,Kuaisho 5xlongsg250904
DRBW.SI,Sia 5xshortsg240306
DRHW.SI,Tencent 5xshortsg240411
DRJW.SI,Galaxy 5xlongsg250626
DRKW.SI,Meituan 5xlongsg241126
DRMW.SI,Bydelec 5xshortsg231220a
DROW.SI,Dbs 5xlongsg250716
DRPW.SI,Tencent 5xlongsg250716
DRQW.SI,Sia 5xshortsg250716
DRX.SI,St Group Food
DRZW.SI,Venture 5xlongsg241218
DSGW.SI,Cmb 5xshortsg231019
DSMW.SI,Uob 5xshortsg240306
DSOW.SI,Xiaomi 5xshortsg231214
DSQW.SI,Jd 5xshortsg240327
DSRW.SI,Djia 7xlongub250922
DSTW.SI,Sunny 5xshortsg231214
DSWW.SI,Meituan 5xlongsg240327
DSXW.SI,Baidu 5xshortsg231220
DSZW.SI,Netease 5xlongsg241126
DTDW.SI,Cmb 5xlongsg231019
DTHW.SI,Byd 5xshortsg231214
DTIW.SI,Hsbc 5xshortsg241213
DTMW.SI,Cmob 5xlongsg250213
DU4.SI,Mermaid Maritime Public Co Ltd
DUHW.SI,Cmob 5xshortsg250213
DUKW.SI,Kepcorp 5xshortsg241218
DUMW.SI,Kepcorp 5xlongsg250410
DUNW.SI,Jd 5xlongsg240416
DUPW.SI,Sands 5xlongsg250626
DURW.SI,Sunny 5xlongsg241126
DUTW.SI,Xiaomi 5xlongsg241126
DUWW.SI,Tencent 5xlongsg250904
DUXW.SI,Aia 5xshortsg240125
DUYW.SI,Xpeng 5xlongsg250306
DVAW.SI,Clife 5xlongsg240215
DVBW.SI,Lining 5xshortsg231019
DVFW.SI,Genting 5xshortsg241218
DVHW.SI,Bydelec 5xlongsg231220
DVIW.SI,Alibaba 5xlongsg231214
DVKW.SI,Petroch 5xlongsg250410
DVLW.SI,Tencent 5xlongsg240416
DVMW.SI,Baidu 5xshortsg240709
DVNW.SI,Sembcorp 5xshortsg250709
DVRW.SI,Alibaba 5xshortsg231220
DVSW.SI,Venture 5xlongsg260904
DVZW.SI,Singtel 5xshortsg241218
DWCW.SI,Ccb 5xlongsg240807
DWEW.SI,Clife 5xshortsg240215
DWFW.SI,Citydev 5xshortsg241218
DWGW.SI,Aia 5xlongsg241213
DWIW.SI,Sembcorp 5xlongsg250410
DWMW.SI,Kuaisho 5xlongsg240709
DWOW.SI,Byd 5xshortsg241209
DXGW.SI,Anta 5xshortsg231019
DXIW.SI,Citydev 5xshortsg231214
DXJW.SI,Jd Mb Ecw231204
DXOW.SI,Capinv 5xshortsg241218
DXQW.SI,Alibaba 5xshortsg240411
DXRW.SI,Lining 5xlongsg241209
DXVW.SI,Sunny 5xshortsg241209
DXZW.SI,Dlc Sg5xlong Alihealth
DYEW.SI,Citydev 5xlongsg241218
DYFW.SI,Ganfeng 5xlongsg240411
DYGW.SI,Meituan 5xshortsg240411
DYHW.SI,Sembcorp 5xlongsg250709
DYIW.SI,Ganfeng 5xshortsg240709
DYLW.SI,Wuxibio 5xshortsg240709
DYNW.SI,Kuaisho 5xshortsg250306
DYXW.SI,Tencent 5xshortsg231123
DYYW.SI,Hkex 5xlongsg240125
DZDW.SI,Anta 5xlongsg231019
DZMW.SI,Alibaba 5xshortsg231110
DZNW.SI,Meituan 5xshortsg231110
DZOW.SI,Meituan 5xlongsg231110
DZSW.SI,Petroch 5xshortsg250410
DZTW.SI,Sia 5xlongsg250709
DZUW.SI,Geely 5xshortsg241209
DZVW.SI,Sunny 5xlongsg250904
DZYW.SI,Ccb 5xshortsg231214
DZZW.SI,Kuaisho 5xshortsg231123
E27.SI,Eucon Holding Limited
E28.SI,Frencken Group Limited
E3B.SI,Wee Hur Holdings Ltd.
E5H.SI,Golden Agri-resources Ltd
E6R.SI,Samko Timber Limited
E9L.SI,Joyas International Hldgs Ltd
EAPS.SI,Nx22100w 320801
EB5.SI,First Resources Limited
EB7.SI,Ktl Global Limited
EBEW.SI,Hscei 7xlongub250430
ECAW.SI,Meituan 5xlongub251031
EEHW.SI,Hsi 22200mbecw240130
EG0.SI,Jes International Holdings Ltd
EH5.SI,United Overseas Australia Ltd
EHG.SI,Econ Healthcare
EHUW.SI,Jd 5xlongub250228
EHZB.SI,Fptrea 4.49%270916xb#
EITW.SI,Hsi 18200mbecw231129
ELQW.SI,Dbs Mb Epw240124
ELTW.SI,Thaibev 5xshortsg231115
EMI.SI,Emperador Inc.
ENV.SI,Ls 2 Holdings
EPVW.SI,Byd 5xlongub250930
ER0.SI,Ksh Holdings Limited
ES3.SI,Sti Etf
ESG.SI,Lgi-ospl Slc Etf S$
ESU.SI,Lgi-ospl Slc Etf Us$
EVD.SI,Nikkoam-stc Cn Ev Us$
EVMW.SI,Nasdaq 5xlongub250922
EVS.SI,Nikkoam-stc Cn Ev S$
EXFW.SI,Uob Mb Ecw240724
EXWW.SI,Tencentmbecw240103
EYFW.SI,Hstech 4800mbecw240627
F03.SI,Food Empire Holdings Limited
F10.SI,F J Benjamin Holdings Ltd
F13.SI,Fu Yu Corporation Ltd
F17.SI,Guocoland Limited
F1E.SI,Low Keng Huat (singapore) Ltd
F34.SI,Wilmar International Limited
F83.SI,Cosco Corporation (s) Ltd
F86.SI,Cougar Logistics Corpn Ltd
F99.SI,Fraser And Neave Limited
F9D.SI,Boustead Singapore Limited
FBXW.SI,Meituan 5xshortub250430
FDDW.SI,Hkex Mb Epw240103
FDWW.SI,Hkex 5xlongub250228
FFAW.SI,Byd Mb Ecw240103
FGIW.SI,Hsbc 5xlongub250127
FIMW.SI,Kuaisho 5xlongub251031
FOFW.SI,Byd 5xlongub250321
FPKW.SI,Dbs Mb Epw240708
FQ7.SI,Jasper Investments Limited
FRLW.SI,Alibaba 5xshortub250127
FRQ.SI,Sing Paincare
FTMW.SI,Hstech 4400mbecw240228
FWQW.SI,Meituan 5xshortub251031
FZCW.SI,Ocbc Bk Mb Epw231110
G07.SI,Great Eastern Hldgs Ltd
G0I.SI,Nam Lee Pressed Metal Inds Ltd
G13.SI,Genting Singapore Plc
G19W.SI,Hsi 18600mbecw231030
G1N.SI,Lyxor Etf Msci India 10
G20.SI,Gp Industries Limited
G3B.SI,Dbs Singapore Sti Etf
G50.SI,Grand Banks Yachts Limited
G92.SI,China Aviation Oil(s) Corp Ltd
GDVW.SI,Wilmar Mb Ecw240401
GEIW.SI,Ocbc Bk Mb Ecw231117
GHCW.SI,Netease 5xshortub250321
GIH.SI,Lhn Logistics
GMFW.SI,Simsci 290mbecw231229
GPSW.SI,Dbs 5xshortub250530
GQYW.SI,Singtelmbecw240201
GRE.SI,Uob Ap Grn Reit Us$
GRN.SI,Uob Ap Grn Reit S$
GRQ.SI,Don Agro
GSD.SI,Gld Sg$
GSPW.SI,Alibaba Mb Epw240503
GU5.SI,China Kunda Tech Holdings Ltd
GUDW.SI,Jd Mb Ecw241203
GUVW.SI,Xiaomi 5xshortub250321
GVMW.SI,Hsi 18800mbecw231228
H02.SI,Haw Par Corp Ltd
H07.SI,Stamford Land Corporation Ltd
H12.SI,Hotel Royal Ltd
H13.SI,Ho Bee Investment Limited
H15.SI,Hotel Properties Ltd
H18.SI,Hotel Grand Central Ltd
H1N.SI,Lyxor Etf Msci Emerging Mkt 10
H20.SI,Hoe Leong Corporation Ltd.
H22.SI,Hong Leong Asia Ltd.
H30.SI,Hong Fok Corporation Ltd
H78.SI,Hongkong Land Holdings Limited
HAOW.SI,Hsi 5xshortub251031
HBWW.SI,Sunny 5xlongub250127
HBYW.SI,Netease 5xlongub250228
HCLW.SI,Hscei3xlongma260327us$
HD9.SI,Dbxt Ftse Vietnam Etf 10
HDTW.SI,Galaxy 5xshortub250430
HFQW.SI,Xiaomi Mbecw241203
HGOW.SI,Hsi 19000mbecw240130
HHHW.SI,Hsi3xlongma260327us$
HIEW.SI,Sunny 5xlongub250930
HKB.SI,Amtd Ib Ov
HKCW.SI,Sands 5xlongub250930
HLKW.SI,Sia 5xlongub250530
HMN.SI,Ascott Trust
HNVW.SI,Byd3xshortub250428us$
HOHW.SI,Hsi 7xshortub241231
HQLW.SI,Meituan 5xshortub250127
HQU.SI,Oiltek
HQWW.SI,Tencentmbecw240503
HSKW.SI,Comfortdel Mbecw240202
HSS.SI,Lion-ocbc Sec Hstech Us$
HST.SI,Lion-ocbc Sec Hstech S$
HTQW.SI,Tencentmbepw231204
HUTW.SI,Geely 5xlongub250630
HYGW.SI,Geely Mb Epw240503
HZPW.SI,Kepcorpmbecw231215
i06.SI,Intraco Limited
i07.SI,Isdn Holdings Limited
i11.SI,Ipco Int'l Limited
i15.SI,Isetan (singapore) Ltd
i49.SI,Ifs Capital Limited
I98.SI,Is Msci India 100
ICM.SI,Ishares Axjclimate S$
ICU.SI,Ishares Axjclimate Us$
IDBW.SI,Nky 33000mbecw240308
IFAW.SI,Jd 5xlongub250930
IFDW.SI,Hsi 7xlongub250228
IHHW.SI,Hsi3xshortma260327us$
IHSW.SI,Hscei3xshortma260327us$
IOKW.SI,Geely 5xshortub250430
IQQW.SI,Nasdaq3xshortma260327us$
ISFW.SI,Clife 5xshortub250430
ISPW.SI,S&p3xshortma260327us$
ISTW.SI,Hstech3xshortma260327us$
ITQW.SI,Xiaomi 5xshortub250228
ITRW.SI,Hkex 5xlongub250127
IVWW.SI,Hsi 16600mbepw231129
IW5.SI,Seroja Investments Limited
IX2.SI,Pec Ltd.
IYBW.SI,Geely Mb Ecw240503
IZGW.SI,Pacific Radiancew270919
J03.SI,Jadason Enterprises Ltd
J17.SI,Jackspeed Corporation Limited
J2T.SI,Hock Lian Seng Holdings Ltd
J36.SI,Jardine Matheson Hldgs Ltd
J69U.SI,Frasers Centrepoint Trust
J85.SI,Cdl Hospitality Trusts
J91U.SI,Cambridge Industrial Trust
JAFW.SI,Meituan Mb Ecw240103
JDLW.SI,Hsi 20200mbecw240228
JFSW.SI,Ocbc Bk Mb Epw240124
JGQW.SI,Meituan Mb Ecw241203
JHXW.SI,Hsi 5xlongub251031
JK8.SI,United Sse 50 China Etf
JLB.SI,Grand Venture Technology Ltd
JMFW.SI,Geely 5xlongub250228
JRTW.SI,Ccb 5xlongub250430
JUIW.SI,Citydev Mbecw240202
JYEU.SI,Lendlease Reit
JYOW.SI,Hsi 16400mbepw240130
JZLW.SI,Meituan Mb Epw231204
K03.SI,Khong Guan Flour Milling Ltd
K29.SI,Karin Technology Hldgs Limited
K3MD.SI,Netease.com Adr 10
K3RD.SI,Ctrip.com International Adr 10
K3SD.SI,Baidu.com Adr 10
K6S.SI,Prudential Plc
K71U.SI,K-reit Asia
K75.SI,Koh Brothers Group Limited
KCFW.SI,Hsi 22200mbecw231030
KGDW.SI,Wuxibio 5xlongub250930
KGHW.SI,Uob Mb Ecw231117
KGRW.SI,Kuaisho 5xshortub250228
KHWW.SI,Alibab3xlongub250428us$
KJ5.SI,Bbr Holdings (s) Ltd
KJ7.SI,Dbxt Msci Indonesia Etf 10
KJZW.SI,Vikingw270628
KNXW.SI,Hsi 7xlongub241231
KOPW.SI,Wilmar Mb Ecw231215
KUH.SI,Tsh Corporation Ltd
KUO.SI,International Cement Groupltd.
KUX.SI,Dlf Holdings Limited
KV4.SI,Dbxt Iboxx Singapore Etf 5
L02.SI,Manhattan Resources Limited
L09.SI,Lung Kee (bermuda) Hldgs Ltd
L19.SI,Lum Chang Holdings Limited
L23.SI,Enviro-hub Holdings Ltd
L38.SI,L.c.development Ltd
L5I.SI,Abterra Ltd
LAXW.SI,Nio Mbecw240221
LBPW.SI,Byd 5xshortub250430
LCS.SI,Csop Low Carbon S$
LCU.SI,Csop Low Carbon Us$
LG9.SI,Dbxt Msci China Trn Etf 10
LIW.SI,Eagle Hospitality Trust
LJ3.SI,Overseas Union Enterprise Ltd
LMBW.SI,Nasdaq 16000mbecw231215
LMKW.SI,Hsi 7xshortub251031
LMS.SI,Lms Compliance
LQRW.SI,Meituan 5xlongub241231
LRBW.SI,Nio Mbecw240523
LS9.SI,Leader Environmental Tech Ltd
LSHS.SI,N519100a 240201
LSS.SI,Phil Long Simsci2x S$
LSU.SI,Phil Long Simsci2x Us$
LUY.SI,Raffles Infrastructurehldgsltd
LVEW.SI,Hsi 17200mbepw231228
LXDW.SI,Kuaisho 5xlongub250228
LYY.SI,Sinocloud Grp
M01.SI,Metro Holdings Limited
M03.SI,Miyoshi Precision Limited
M04.SI,Mandarin Oriental Intl Ltd
M05.SI,Mtq Corporation Limited
M11.SI,Mfg Integration Technology Ltd
M14.SI,Innotek Limited
M15.SI,Matex International Limited
M1GU.SI,Sabana Shari'ah Compliant Reit
M1Z.SI,Tee International Limited
M44U.SI,Mapletree Logistics Trust
M62.SI,Cimb Ftse Asean40 100
MBH.SI,Nikkoam Sgd Ig Corp Bond Etf
MCZW.SI,Sands 5xshortub250127
ME8U.SI,Mapletree Industrial Trust
MEWW.SI,Hsi 15800mbepw231129
MF6.SI,Mun Siong Engineering Limited
MGCW.SI,Jd Mb Epw241203
MIJ.SI,Alliance Healthcare Group Ltd
MJHW.SI,Cmob 5xlongub250228
MMS.SI,Phillip Mm S$
MMT.SI,Phillip Mm Us$d
MOFB.SI,Nc22300w 720801
MPQW.SI,Kepcorpmbecw240202
MQJW.SI,Uob Mb Epw231102
MQVW.SI,Comfort 5xlongsg231115
MR7.SI,Nordic Group Limited
MRYW.SI,Kepcorpmbepw231215
MT1.SI,Dragon Group Intl Limited
MV4.SI,Mewah International Inc.
MVKW.SI,Galaxy 5xshortub250127
MVLW.SI,Tencen3xlongub250428us$
MXNU.SI,Elitecomreit Gbp
MYLB.SI,Addvalue 6%271104xb#
MZH.SI,Nanofilm
N01.SI,Neratelecommunications Ltd
N02.SI,Nsl Ltd.
N08.SI,New Toyo Int Hldgs Ltd
N0Z.SI,Combine Will Intl Hldgs Ltd
N2H.SI,Hyflux 6% Cum Pref Class A 10
N2IU.SI,Mapletree Commercial Trust
N32.SI,Nippecraft Limited
N33.SI,Nomura Holdings Inc
N4E.SI,Nam Cheong Limited
N5YD.SI,Mufj Financial Adr 10
N6DD.SI,Mizuho Financial Adr 10
N6FD.SI,Toyota Motor Adr 10
N6M.SI,Ishares Usd Asia Bond Etf
NC2.SI,Sri Trang Agro-industry Pcl
NCWW.SI,Wuxibio 5xlongub250430
NCXW.SI,Lifebrandz W240621
NCYW.SI,Jd Mb Epw240403
NDYW.SI,Hstech 4200mbepw231228
NEAW.SI,Geely 5xshortub250127
NEX.SI,Reclaims Global Limited
NFCW.SI,Dbs Mb Ecw240328
NGAW.SI,Hsi 20200mbecw231030
NGIW.SI,Nky 27500mbepw231208
NHD.SI,Jubilee
NIGW.SI,Hsi 19800mbecw231129
NIO.SI,Nio Inc. Usd Ov
NJXW.SI,Xiaomi Mbecw231204
NLC.SI,5e Resources
NLPW.SI,Pingan 5xshortub250127
NMCW.SI,Meituan 5xlongub250228
NO4.SI,Dyna-mac Holdings Ltd.
NOMW.SI,Yangzijimbecw240626
NOYW.SI,Hstech 5000mbecw240130
NPL.SI,Niks Prof
NPNW.SI,Nasdaq 5xshortub250922
NPW.SI,Malaysia Smelting Corp Bhd
NQEW.SI,Alibaba 5xlongub250630
NR7.SI,Raffles Education Corp Ltd
NS8U.SI,Hutchison Port Holdings Trust
NTA.SI,Novo Tellus Spac
NTSW.SI,Novo Tellus Spac W291231
NUIW.SI,Byd 5xlongub250430
NVLW.SI,Tencentmbecw241203
NVYW.SI,Sia Mb Ecw231215
NWDW.SI,Jd 5xshortub250127
NXEW.SI,Capinv 5xlongsg231115
NXR.SI,Iwow Tech
O08.SI,Ossia International Ltd
O10.SI,Orchard Parade Holdings Ltd
O39.SI,Oversea-chinese Banking Corp
O5RU.SI,Aims Amp Cap Industrial Reit
O6Z.SI,Lonza Group Ltd
O87.SI,Spdr Gold Shares
O9A.SI,Dbxt Msci Singapore Im Etf 10
O9E.SI,Parkson Retail Asia Limited
O9P.SI,Ishares Usd Asia Hy Bond Etf
OAJ.SI,Fortress Minerals Limited
OCRW.SI,Dbs Mb Epw231017
ODBU.SI,Utdhampshreitusd
OEWW.SI,Sembind Mbecw240401
OFBW.SI,Lining 5xshortub250430
OGNW.SI,Wilmar Mb Ecw240626
OJQW.SI,Nasdaq 11000mbepw231215
OL9S.SI,Nz10100f 300901
OMK.SI,Vividthree Holdings Ltd.
OMYW.SI,Anta 5xshortub250430
ONLW.SI,Singtelmbecw240626
OOPW.SI,Hstech 5xshortub250430
OOSW.SI,Tencent 5xlongub250228
OPUW.SI,Hsi 17000mbepw231030
OTS.SI,Ots Holdings
OTX.SI,Medinex Limited
OU8.SI,Centurion Corporation Limited
OV8.SI,Sheng Siong Group Ltd
OVQ.SI,Phillip Sing Income Etf
OVRW.SI,Hsi 21000mbecw231030
OVVW.SI,Jd 5xshortub250430
OXIW.SI,Hsi 18000mbepw231030
OXMU.SI,Prime Us Reitusd
OYY.SI,Propnex Limited
P11.SI,Pacific Andes Resources Devltd
P15.SI,Pacific Century Regional Devts
P34.SI,Petra Foods Limited
P36.SI,Pan Hong Property Group Ltd
P40U.SI,Starhill Global Reit
P52.SI,Pan-united Corporation Ltd
P5P.SI,Cimb S&p Asia Pacific Dividend
P74.SI,China Kangda Food Company Ltd
P7VU.SI,Hutchison Port Hldgs Trust S$
P8A.SI,Cordlife Group Limited
P8Z.SI,Bumitama Agri Ltd.
P9D.SI,Civmec Limited
PA3.SI,Ta Corporation Ltd
PAIW.SI,Uob Mb Epw240328
PBSW.SI,Vibropower W250116^
PCYW.SI,Hkex Mb Ecw240603
PGEW.SI,Pegasus Spac W291231
PGS.SI,Pegasus Spac
PH0.SI,Hatten Land
PH1S.SI,Na12100n 420202
PHHW.SI,Alibaba 5xlongub250930
PISW.SI,Cosco 5xshortub250430
PMGW.SI,Uob 5xlongub250530
POTW.SI,Hsi 21400mbecw240130
PQKW.SI,Wilmar Mb Ecw240201 3.9
PRH.SI,Citicode Ltd
PU6D.SI,Hsbc Adr 10
PUGW.SI,Hsi 17400mbepw231129
PXRW.SI,Sands Mb Ecw240802
PYLW.SI,Jd Mb Ecw240603
PZWW.SI,Meituan Mb Ecw240503
Q01.SI,Qaf Ltd
Q0F.SI,Ihh Healthcare Berhad
Q0X.SI,Ultro Technologies Limited
Q5T.SI,Far East Hospitality Trust
QAHW.SI,Thaibev 5xlongsg231115
QAIW.SI,Cmob 5xshortub250228
QC7.SI,Q & M Dental Group (s) Limited
QDAW.SI,Sembind Mbecw231207
QDSW.SI,Sats 5xshortub250630
QES.SI,Chinasunsine
QFHW.SI,Sembcorp 5xlongub250530
QFYW.SI,Byd 5xlongub241231
QGGW.SI,Hsi 7xshortub250228
QJDW.SI,Wuxibio 5xshortub250321
QK9.SI,Is Msci India 100 S$
QL2.SI,Ishares Usd Asia Bond Etf S$
QL3.SI,Ishares Usd Asia Hy Bond Etfs$
QNHW.SI,First Sponsor W240530
QNLW.SI,Ocbc Bk Mb Ecw231124
QNS.SI,Southernalliance
QPCW.SI,Aia 5xlongub250430
QQQW.SI,Nasdaq3xlongma260327us$
QR9.SI,Cimb S&p Asia Pac Dividend S$
QS0.SI,Cimb Ft Asean 40 100 S$
QS9.SI,Radiance Group Limited
QSD.SI,Resources Gbl
QTTW.SI,Anta 5xlongub250430
QXPW.SI,Hsi 5xshortub250430
QZG.SI,Accrelist Ltd
R14.SI,Ramba Energy Limited
R1NS.SI,Nz13100v 330901
R28W.SI,Byd Mb Ecw241203
RAYW.SI,First Sponsor W290321
RC5.SI,Triyards Holdings Limited
RCTW.SI,Djia 37000mbecw231215
RCU.SI,Revez
RDR.SI,Incredible
RE4.SI,Geo Energy Resources Limited
RECW.SI,Hsi 19600mbecw231228
REVW.SI,Capinv 5xshortsg231115
RF1U.SI,Religare Health Trust
RFVW.SI,Venture 5xlongub250530
RGMW.SI,Sunny 5xshortub250127
RHBW.SI,Byd3xlongub250428us$
RIVW.SI,Dbs Mb Ecw231017
RJRW.SI,Hstech 7xlongub240830
RLWW.SI,Yangzijimbecw231215
RMFW.SI,Sia Mb Ecw240401
RMLW.SI,Jd Mb Ecw240503
RNXW.SI,Sunny 5xlongub250430
RQ1.SI,Overseas Education Limited
RRQW.SI,Byd 5xshortub251031
RS1.SI,China Environmental Res Gp Ltd
RXS.SI,Pacificradiance
RXUW.SI,Nky 28000mbepw240308
RYQW.SI,Lenovo 5xlongub250430
S07.SI,Shangri-la Asia Limited
S08.SI,Singapore Post Limited
S19.SI,Singapore Shipping Corp Ltd
S20.SI,Straits Trading Co. Ltd
S23.SI,Singapura Finance Ltd
S27.SI,Spdr S&p 500 Etf Trust
S29.SI,Stamford Tyres Corporationltd
S2D.SI,Tosei Corporation
S35.SI,Sing Investments & Finance Ltd
S3N.SI,Okh Global Ltd.
S41.SI,Hong Leong Finance Limited
S44.SI,Engro Corporation Limited
S45U.SI,Singapore Index Fund
S51.SI,Sembcorp Marine Ltd
S56.SI,Samudera Shipping Line Ltd
S58.SI,Sats Ltd.
S59.SI,Sia Engineering Co Ltd
S61.SI,Sbs Transit Ltd
S63.SI,Singapore Tech Engineering Ltd
S68.SI,Singapore Exchange Limited
S69.SI,Serial System Ltd
S71.SI,Sunright Ltd
S7OU.SI,Asian Pay Television Trust
S7P.SI,Soilbuild Construction Grp Ltd
S85.SI,Straco Corporation Limited
S9B.SI,Tee Land Limited
SCY.SI,Csop Star&chinext50 S$
SEJ.SI,Noontalk Media
SES.SI,Cph Ltd.
SGEW.SI,Dbs Mb Ecw240724
SGR.SI,Sheffield Green
SGSW.SI,S&p 4500mbecw231215
SHWW.SI,Hstech 5xlongub250430
SJY.SI,Megroup Ltd.
SK3.SI,Krisenergy Ltd.
SK6U.SI,Sph Reit
SMIW.SI,Wuxibio 5xshortub250430
SNEW.SI,Cnooc 5xlongub250228
SNSW.SI,Cmb 5xlongub251031
SNVW.SI,Dbs 5xlongub250530
SO7.SI,Yangzijiang Shipbldg Hldgs Rmb
SPXW.SI,S&p 7xlongsg260226
SQ1B.SI,Sia S$750m 3.03% B 240328
SQQ.SI,Csop Sea Tech Etf S$
SQU.SI,Csop Sea Tech Etf Us$
SRT.SI,Csop Iedge Sreit Etf S$
SRU.SI,Csop Iedge Sreit Etf Us$
SSKW.SI,Tencent 5xlongub250930
SSS.SI,Phil Short Simsci-1x S$
SSU.SI,Phil Short Simsci-1x Us$
STC.SI,Comba
STG.SI,Sri Trang Gloves
SWMW.SI,Uob Mb Epw231120
SYBW.SI,Galaxy 5xlongub250430
SYYW.SI,Soilbuild Constw240729
T09.SI,Tt International Limited
T12.SI,Tat Seng Packaging Group Ltd
T13.SI,Rh Petrogas Limited
T14.SI,Tianjin Zhong Xin Pharm Group
T15.SI,Tan Chong Int'l Ltd
T24.SI,Tuan Sing Holdings Limited
T41.SI,Telechoice International Ltd
T43.SI,Techcomp (holdings) Limited
T4B.SI,Sino Grandness Food Ind Gp Ltd
T55.SI,Transpac Industrial Hldgs Ltd
T6I.SI,Valuemax Group Limited
T82U.SI,Suntec Real Estate Inv Trust
T8FS.SI,Ny14100e 290701
TATD.SI,Aot Th Sdr
TBEW.SI,Ocbc Bk Mb Ecw240701
TCCW.SI,Hsi 5xlongub250430
TCHW.SI,Sunny 5xlongub250321
TCPD.SI,Cp All Th Sdr
TCU.SI,Creditbureauasia
TEKB.SI,Temasek S$500m 2.7% B 231025
TEMB.SI,Temasek 1.8% 261124xb#
TGMW.SI,Hstech 3000mbepw240627
THLW.SI,Comfort 5xshortsg231115
TID.SI,Xt Mschina S$
TIRW.SI,Nky 24000mbepw231208
TJNW.SI,Hsi 15400mbepw231228
TPED.SI,Pttep Th Sdr
TQ5.SI,Frasers Centrepoint Limited
TQQW.SI,Nasdaq 7xlongsg260226
TQTW.SI,Uob Mb Epw240708
TS0U.SI,Oue Commercial Reit
TSGW.SI,Tencent 5xlongub241231
TSH.SI,Tsh Resources
TTTW.SI,Hstech3xlongma260327us$
TVBW.SI,Meituan 5xlongub250630
TVV.SI,Artivision
TWJW.SI,S&p 4000mbepw240315
TWL.SI,Memiontec Hldgs
TYTW.SI,Tencent 5xshortub241231
U06.SI,United Industrial Corp Ltd
U09.SI,Upp Holdings Limited
U10.SI,Uob-kay Hian Holdings Limited
U11.SI,United Overseas Bank Ltd
U13.SI,United Overseas Insurance Ltd
U14.SI,Uol Group Limited
U77.SI,Sarin Technologies Ltd
U96.SI,Sembcorp Industries Ltd
U9E.SI,Hankore Environment Tec Grpltd
UBAW.SI,Hstech 4100mbecw231228
UBCW.SI,Comfortdel Mbecw231215
UCHW.SI,Citydev Mbecw240401
UD1U.SI,Ireit Global
UD2.SI,Japfa Ltd.
UFSW.SI,Netease 5xshortub250228
UGNW.SI,Clife 5xshortub250321
UIZW.SI,Uob Mb Ecw240328
ULDW.SI,Hstech 6000mbecw240627
UNBW.SI,Hsi 18000mbecw231228
UORW.SI,Meituan 5xshortub250228
UPRW.SI,Hkex 5xshortub250228
URR.SI,Sim Leisure Group Ltd.
UUIW.SI,Sia Mb Ecw240202 6.9
UUK.SI,Pasture Holdings
UV1.SI,Hisaka Holdings Ltd.
V03.SI,Venture Corporation Limited
V2Y.SI,Synagie Corporation Ltd.
V3M.SI,Metech International Ltd
V6QW.SI,Sia 5xshortub250530
V7AB.SI,Astrea7a1 4.125%320527#
V7BB.SI,Astrea7b 6%320527#
V8Y.SI,Quantum Health
V9TW.SI,Hsi 22600mbecw240228
VA2W.SI,Sands 5xshortub250930
VA5W.SI,Hstech 3600mbepw240228
VAIW.SI,Annaik W241009
VBEW.SI,Kepcorpmbecw240614
VC2.SI,Olam Group
VCZW.SI,Hsi 18000mbepw240130
VFP.SI,China Medical (intl) Gp Ltd
VHCW.SI,Hkex Mb Ecw240403
VI2.SI,Tc Auto
VJ6W.SI,Sembind Mbepw240202
VJAW.SI,Sembind Mbecw231215
VJLW.SI,Byd 5xshortub241231
VMPW.SI,Alibaba Mb Ecw231102
VNBW.SI,Wilmar 5xlongub250630
VND.SI,Cf Vn 30 Sc Etf Us$
VNM.SI,Cf Vn 30 Sc Etf Sg$
VPDW.SI,Dbs Mb Ecw231010
VT1.SI,Vertex Spac
VT2W.SI,Vertex Spac W291231
VT6W.SI,Hstech 5xlongub251031
VUQW.SI,Alibab3xshortub250428us$
VVL.SI,Alphadx
VWFW.SI,Gentingsmbecw231215
VXJW.SI,Nky 30000mbecw240308
VZLW.SI,Sea Ads Mbecw231229
VZVW.SI,Hsi 15600mbepw240228
W05.SI,Wing Tai Hldgs Ltd
W1XW.SI,Incredible W240204
W5UB.SI,Rafflesed 6%cb270923
W6LW.SI,Sunny 5xlongub250630
W8PW.SI,Hkex 5xshortub250127
WA9W.SI,Alibaba 5xlongub241231
WB3W.SI,Ocbc Bk Mb Epw240708
WBQW.SI,Hsi 7xlongub251031
WCQW.SI,Ccb 5xshortub250430
WDYW.SI,Hstech 3800mbecw240228
WFUW.SI,Comfortdel Mbecw231220
WG2W.SI,Asl M W240723
WG4W.SI,Capinv 5xlongub250630
WGX.SI,Alibaba Autocallsg240903
WI4W.SI,Lining 5xlongub251031
WJP.SI,Vicom Ltd
WL9W.SI,Djia 29000mbepw240315
WNLW.SI,Pingan 5xshortub250228
WOJW.SI,Hkex Mb Epw241203
WPBW.SI,Cosco 5xlongub250430
WPC.SI,Vallianz Holdings Ltd
WQBW.SI,Singtel 5xlongub250630
WRNW.SI,Hstech 5xshortub251031
WTNW.SI,Hscei 7xshortub250430
WVJ.SI,Ntegrator
WWHW.SI,Ocbc Bk Mb Epw240328
WXGW.SI,Cosco 5xshortub251127
WZ2W.SI,Beverly Jcg W240531
X1KW.SI,Yzj 5xlongsg231115
X2PW.SI,Dbs Mb Epw231010
X5HW.SI,Pingan 5xlongub250228
X7XW.SI,Nio Mbecw231122
X8AW.SI,Cmb 5xshortub250430
XBFW.SI,Alibaba 5xlongub250430
XBJW.SI,Lenovo 5xshortub250430
XBNW.SI,Jd 5xlongub250630
XC2W.SI,Nky 31000mbepw240308
XCF.SI,Ktmg Limited
XEWW.SI,Pingan Mb Ecw240503
XH8W.SI,Hsi 16400mbepw231030
XJB.SI,Ghy Culture
XKJW.SI,Hsbc 5xlongub250228
XMDW.SI,Kepcorp 5xlongub250530
XOHW.SI,Sia Mb Ecw240202
XPCW.SI,Ocbc Bk Mb Ecw240226
XR6W.SI,Tencent 5xshortub250321
XVG.SI,$ Aedge Group
XWA.SI,Aem Usd
XWEW.SI,Hscei 7xlongub251031
XXIW.SI,Byd Mb Epw240503
XZL.SI,Ara Us Hospitality Trust
Y03.SI,Yeo Hiap Seng Ltd
Y06.SI,Youcan Foods International Ltd
Y35.SI,Sun East Group Limited
Y3D.SI,Mdr Limited
Y45.SI,Singapore Windsor Holdings Ltd
Y5AW.SI,Alibaba Mb Ecw241203
Y6OB.SI,Gsh Cb5.2%241012#
Y8E.SI,Samurai 2k
Y92.SI,Thai Beverage Public Co Ltd
YCPW.SI,Hsbc 5xshortub250228
YF8.SI,Yzj Fin Hldg
YIQW.SI,Genting 5xlongub250530
YIYW.SI,Jd Mb Ecw231102
YK9.SI,Ykgi
YM4W.SI,Sands Mb Epw240503
YMAW.SI,Kuaisho 5xshortub251127
YQ7B.SI,Sia 2021 Mcbz300608#
YRCW.SI,Ocbc Bk Mb Ecw240724
YS5W.SI,Citydev 5xlongub250530
YT4W.SI,Tencent 5xlongub250430
YYB.SI,Arion Entertainment Spore Ltd
YYN.SI,Platocapital
YYR.SI,Lion-ospl China L Cny
YYY.SI,Lion-ospl China L S$
YZEW.SI,Djia 7xshortub250922
Z0SW.SI,Geely Mb Ecw231204
Z25.SI,Yanlord Land Group Limited
Z4D.SI,Medilifestyle
Z59.SI,Yoma Strategic Holdings Ltd
Z5MW.SI,Cmob 5xlongub251031
Z74.SI,Singtel
Z77.SI,Singtel 10
Z7CW.SI,Hsi 16200mbepw231228
Z8PW.SI,Uob Mb Epw231117
ZCLW.SI,Pingan 5xlongub251031
ZE9W.SI,Hsi 23000mbecw240130
ZFGS.SI,Na21200w 511001
ZHD.SI,Nikkoam-icbcsg Cnb Us$
ZHS.SI,Nikkoam-icbcsg Cnb S$
ZHXW.SI,Uob Mb Ecw240701
ZHY.SI,Nikkoam-icbcsg Cnb Cny
ZKX.SI,Ever Glory
ZL8S.SI,Na20100f 500301
ZLNW.SI,Uob Mb Ecw231102
ZP4W.SI,Hsi 19400mbecw231030
ZSEW.SI,Meituan Mb Ecw231204
ZU5W.SI,S&p 3850mbepw231215
ZWAW.SI,Alibaba 5xshortub251127
ZXY.SI,Alpina Holdings